{
  "1" : {
    "id" : "1",
    "state" : "AVAILABLE",
    "location" : {
      "x" : 186.70076495735253,
      "y" : -187.05663826082267
    },
    "direction" : {
      "x" : -0.8678631439265888,
      "y" : 0.4968033448094498
    },
    "speed" : 1.0,
    "batteryLevel" : 100
  },
  "12" : {
    "id" : "12",
    "state" : "AVAILABLE",
    "location" : {
      "x" : 54.23547625453046,
      "y" : -196.44672380478482
    },
    "direction" : {
      "x" : -0.9504384628034028,
      "y" : -0.31091273441900824
    },
    "speed" : 1.0,
    "batteryLevel" : 100
  },
  "2" : {
    "id" : "2",
    "state" : "AVAILABLE",
    "location" : {
      "x" : 68.44655047207165,
      "y" : 41.05107027411234
    },
    "direction" : {
      "x" : 0.9999989199054266,
      "y" : 0.0014697577965076813
    },
    "speed" : 1.0,
    "batteryLevel" : 100
  },
  "3" : {
    "id" : "3",
    "state" : "AVAILABLE",
    "location" : {
      "x" : 75.15946699650162,
      "y" : 156.36233468693484
    },
    "direction" : {
      "x" : 0.5867553307877276,
      "y" : -0.8097642754482224
    },
    "speed" : 1.0,
    "batteryLevel" : 100
  }
}