{
  "1" : {
    "id" : "1",
    "state" : "AVAILABLE",
    "location" : {
      "x" : 149.92691635486233,
      "y" : -54.04610520166681
    },
    "direction" : {
      "x" : 0.8530905457853314,
      "y" : 0.5217628970056088
    },
    "speed" : 1.0,
    "batteryLevel" : 100
  },
  "12" : {
    "id" : "12",
    "state" : "AVAILABLE",
    "location" : {
      "x" : 99.34472778771824,
      "y" : -200.0
    },
    "direction" : {
      "x" : 0.5868835771756183,
      "y" : -0.8096713326045021
    },
    "speed" : 1.0,
    "batteryLevel" : 100
  },
  "2" : {
    "id" : "2",
    "state" : "AVAILABLE",
    "location" : {
      "x" : 68.44655047207165,
      "y" : 41.05107027411234
    },
    "direction" : {
      "x" : 0.9999989199054266,
      "y" : 0.0014697577965076813
    },
    "speed" : 1.0,
    "batteryLevel" : 100
  },
  "3" : {
    "id" : "3",
    "state" : "AVAILABLE",
    "location" : {
      "x" : 10.0,
      "y" : -10.0
    },
    "direction" : {
      "x" : 1.0,
      "y" : 0.0
    },
    "speed" : 0.0,
    "batteryLevel" : 100
  }
}